record,actual_label,predicted_label,prediction_text,error
1,0,1,MHMISINFO,
2,0,0,NON-MHMISINFO,
3,0,0,NON-MHMISINFO,
4,1,1,MHMISINFO,
5,0,1,MHMISINFO,
6,0,0,NON-MHMISINFO,
7,0,0,NON-MHMISINFO,
8,0,1,MHMISINFO,
9,0,0,NON-MHMISINFO,
10,0,0,NON-MHMISINFO,
11,0,0,NON-MHMISINFO,
12,1,1,MHMISINFO,
13,1,1,MHMISINFO,
14,0,0,NON-MHMISINFO,
15,0,0,NON-MHMISINFO,
16,1,1,MHMISINFO,
17,0,1,MHMISINFO,
18,0,0,NON-MHMISINFO,
19,0,0,NON-MHMISINFO,
20,0,0,NON-MHMISINFO,
21,1,1,MHMISINFO,
22,0,0,NON-MHMISINFO,
23,0,0,NON-MHMISINFO,
24,0,0,NON-MHMISINFO,
25,0,1,MHMISINFO,
26,0,0,NON-MHMISINFO,
27,0,1,MHMISINFO,
28,0,0,NON-MHMISINFO,
29,0,1,MHMISINFO,
30,0,1,MHMISINFO,
31,0,0,NON-MHMISINFO,
32,0,0,NON-MHMISINFO,
33,0,1,MHMISINFO,
34,0,1,MHMISINFO,
35,0,0,NON-MHMISINFO,
36,0,1,MHMISINFO,
37,0,0,NON-MHMISINFO,
38,0,1,MHMISINFO,
39,0,0,NON-MHMISINFO,
40,0,0,NON-MHMISINFO,
41,1,1,MHMISINFO,
42,0,0,NON-MHMISINFO,
43,0,1,MHMISINFO,
44,0,0,NON-MHMISINFO,
45,0,0,NON-MHMISINFO,
46,0,0,NON-MHMISINFO,
47,0,0,NON-MHMISINFO,
48,0,0,NON-MHMISINFO,
49,1,1,MHMISINFO,
50,1,1,MHMISINFO,
51,0,0,NON-MHMISINFO,
52,1,1,MHMISINFO,
53,0,0,NON-MHMISINFO,
54,0,0,NON-MHMISINFO,
55,0,0,NON-MHMISINFO,
56,0,0,NON-MHMISINFO,
57,1,1,MHMISINFO,
58,1,1,MHMISINFO,
59,0,0,NON-MHMISINFO,
60,0,0,NON-MHMISINFO,
61,0,1,MHMISINFO,
62,0,0,NON-MHMISINFO,
63,0,1,MHMISINFO,
64,0,1,MHMISINFO,
65,0,1,MHMISINFO,
66,0,1,MHMISINFO,
67,0,0,NON-MHMISINFO,
68,0,0,NON-MHMISINFO,
69,0,0,NON-MHMISINFO,
70,0,0,NON-MHMISINFO,
71,0,1,MHMISINFO,
72,0,0,NON-MHMISINFO,
73,0,0,NON-MHMISINFO,
74,0,0,NON-MHMISINFO,
75,0,0,NON-MHMISINFO,
76,1,0,NON-MHMISINFO,
77,0,0,NON-MHMISINFO,
78,0,0,NON-MHMISINFO,
79,0,1,MHMISINFO,
80,0,0,NON-MHMISINFO,
81,0,0,NON-MHMISINFO,
82,0,0,NON-MHMISINFO,
83,0,0,NON-MHMISINFO,
84,1,1,MHMISINFO,
85,0,0,NON-MHMISINFO,
86,0,0,NON-MHMISINFO,
87,0,1,MHMISINFO,
88,0,0,NON-MHMISINFO,
89,0,0,NON-MHMISINFO,
90,0,0,NON-MHMISINFO,
91,0,0,NON-MHMISINFO,
92,0,0,NON-MHMISINFO,
93,1,1,MHMISINFO,
94,0,0,NON-MHMISINFO,
95,0,0,NON-MHMISINFO,
96,0,1,MHMISINFO,
97,0,0,NON-MHMISINFO,
98,0,0,NON-MHMISINFO,
99,0,0,NON-MHMISINFO,
100,1,1,MHMISINFO,
101,0,0,NON-MHMISINFO,
102,0,0,NON-MHMISINFO,
103,1,1,MHMISINFO,
104,0,0,NON-MHMISINFO,
105,0,0,NON-MHMISINFO,
106,1,1,MHMISINFO,
107,0,1,MHMISINFO,
108,0,1,MHMISINFO,
109,0,1,MHMISINFO,
110,0,1,MHMISINFO,
111,1,1,MHMISINFO,
112,0,1,MHMISINFO,
113,0,1,MHMISINFO,
114,0,0,NON-MHMISINFO,
115,0,0,NON-MHMISINFO,
116,0,0,NON-MHMISINFO,
117,0,0,NON-MHMISINFO,
118,0,0,NON-MHMISINFO,
119,0,0,NON-MHMISINFO,
120,1,1,MHMISINFO,
121,0,1,MHMISINFO,
122,1,1,MHMISINFO,
123,0,0,NON-MHMISINFO,
124,0,0,NON-MHMISINFO,
125,1,1,MHMISINFO,
126,0,0,NON-MHMISINFO,
127,1,1,MHMISINFO,
128,0,0,NON-MHMISINFO,
129,0,0,NON-MHMISINFO,
130,0,0,NON-MHMISINFO,
131,1,1,MHMISINFO,
132,0,0,NON-MHMISINFO,
133,0,0,NON-MHMISINFO,
134,0,0,NON-MHMISINFO,
135,0,1,MHMISINFO,
136,0,1,MHMISINFO,
137,0,1,MHMISINFO,
138,0,0,NON-MHMISINFO,
139,0,1,MHMISINFO,
140,0,0,NON-MHMISINFO,
141,1,1,MHMISINFO,
142,0,0,NON-MHMISINFO,
143,0,0,NON-MHMISINFO,
144,0,0,NON-MHMISINFO,
145,0,0,NON-MHMISINFO,
146,0,1,MHMISINFO,
147,0,0,NON-MHMISINFO,
148,0,0,NON-MHMISINFO,
